index,Unnamed: 0,baseline_gbm,advanced
1,1,22,22
2,2,7,7
3,3,9,9
4,4,5,5
5,5,16,16
6,6,19,22
7,7,20,14
8,8,3,3
9,9,14,15
10,10,19,17
11,11,12,12
12,12,14,14
13,13,8,8
14,14,2,9
15,15,9,13
16,16,9,9
17,17,9,9
18,18,2,9
19,19,18,17
20,20,19,22
21,21,1,1
22,22,7,5
23,23,4,4
24,24,12,6
25,25,21,21
26,26,8,8
27,27,11,11
28,28,5,5
29,29,9,9
30,30,21,9
31,31,12,10
32,32,14,15
33,33,3,3
34,34,2,9
35,35,14,14
36,36,5,5
37,37,14,14
38,38,19,19
39,39,3,4
40,40,21,21
41,41,2,2
42,42,18,18
43,43,6,6
44,44,1,1
45,45,20,22
46,46,20,21
47,47,10,10
48,48,6,6
49,49,21,21
50,50,14,14
51,51,20,22
52,52,13,11
53,53,12,11
54,54,17,21
55,55,18,18
56,56,3,1
57,57,3,1
58,58,8,7
59,59,17,17
60,60,9,2
61,61,20,20
62,62,9,8
63,63,7,7
64,64,15,14
65,65,17,18
66,66,9,2
67,67,15,7
68,68,21,21
69,69,22,4
70,70,1,13
71,71,18,17
72,72,14,14
73,73,19,20
74,74,11,9
75,75,18,17
76,76,11,11
77,77,2,2
78,78,8,8
79,79,17,8
80,80,21,3
81,81,17,17
82,82,3,10
83,83,4,4
84,84,1,1
85,85,17,17
86,86,19,21
87,87,9,4
88,88,16,16
89,89,15,15
90,90,5,5
91,91,12,12
92,92,16,16
93,93,14,14
94,94,8,8
95,95,3,3
96,96,15,15
97,97,12,13
98,98,17,17
99,99,10,10
100,100,21,10
101,101,16,16
102,102,12,1
103,103,8,8
104,104,17,7
105,105,12,13
106,106,14,14
107,107,3,10
108,108,12,12
109,109,11,6
110,110,12,12
111,111,7,22
112,112,20,20
113,113,8,8
114,114,1,1
115,115,12,12
116,116,11,13
117,117,20,20
118,118,21,14
119,119,7,7
120,120,18,18
121,121,22,12
122,122,10,10
123,123,10,11
124,124,13,13
125,125,2,2
126,126,19,19
127,127,14,20
128,128,22,4
129,129,8,8
130,130,21,21
131,131,15,14
132,132,17,17
133,133,7,7
134,134,1,16
135,135,11,11
136,136,12,11
137,137,6,10
138,138,1,1
139,139,9,9
140,140,22,10
141,141,12,12
142,142,2,2
143,143,20,20
144,144,20,21
145,145,10,10
146,146,13,13
147,147,22,21
148,148,22,15
149,149,13,10
150,150,22,22
151,151,14,14
152,152,14,15
153,153,4,13
154,154,14,14
155,155,17,18
156,156,6,11
157,157,15,14
158,158,12,12
159,159,21,7
160,160,8,8
161,161,1,1
162,162,22,13
163,163,17,17
164,164,14,14
165,165,18,19
166,166,21,21
167,167,20,9
168,168,4,4
169,169,14,14
170,170,1,1
171,171,10,3
172,172,9,9
173,173,19,18
174,174,5,5
175,175,9,2
176,176,6,6
177,177,3,1
178,178,6,6
179,179,2,2
180,180,2,9
181,181,20,17
182,182,11,10
183,183,12,6
184,184,6,6
185,185,10,10
186,186,7,6
187,187,14,14
188,188,6,6
189,189,9,2
190,190,3,1
191,191,13,12
192,192,3,1
193,193,22,16
194,194,3,3
195,195,15,20
196,196,2,2
197,197,9,9
198,198,3,3
199,199,17,7
200,200,7,16
201,201,12,6
202,202,18,17
203,203,15,15
204,204,12,12
205,205,2,2
206,206,15,15
207,207,2,2
208,208,6,6
209,209,6,11
210,210,3,10
211,211,7,7
212,212,22,3
213,213,10,10
214,214,6,6
215,215,9,9
216,216,18,18
217,217,14,20
218,218,16,22
219,219,14,14
220,220,9,8
221,221,15,15
222,222,17,18
223,223,3,3
224,224,3,3
225,225,13,13
226,226,19,19
227,227,8,5
228,228,14,14
229,229,13,11
230,230,12,12
231,231,18,18
232,232,20,3
233,233,4,6
234,234,21,7
235,235,22,1
236,236,4,12
237,237,7,18
238,238,20,22
239,239,14,14
240,240,16,16
241,241,20,14
242,242,19,15
243,243,14,15
244,244,7,7
245,245,3,3
246,246,2,2
247,247,17,18
248,248,15,14
249,249,8,8
250,250,18,18
251,251,15,15
252,252,16,16
253,253,19,19
254,254,12,12
255,255,20,20
256,256,14,14
257,257,1,1
258,258,2,2
259,259,18,20
260,260,21,21
261,261,8,8
262,262,2,2
263,263,3,3
264,264,14,15
265,265,8,8
266,266,6,6
267,267,21,21
268,268,19,7
269,269,17,18
270,270,9,9
271,271,3,1
272,272,3,3
273,273,1,1
274,274,14,15
275,275,5,5
276,276,5,5
277,277,10,3
278,278,7,7
279,279,7,7
280,280,21,9
281,281,14,14
282,282,18,17
283,283,20,14
284,284,2,2
285,285,13,14
286,286,3,1
287,287,15,15
288,288,10,10
289,289,21,21
290,290,6,6
291,291,6,6
292,292,5,5
293,293,16,13
294,294,2,2
295,295,7,7
296,296,8,8
297,297,8,8
298,298,20,20
299,299,8,8
300,300,19,15
301,301,12,11
302,302,6,6
303,303,8,17
304,304,5,5
305,305,16,16
306,306,15,15
307,307,7,7
308,308,12,12
309,309,1,1
310,310,11,6
311,311,19,22
312,312,6,6
313,313,19,16
314,314,21,21
315,315,9,9
316,316,18,18
317,317,12,13
318,318,10,4
319,319,6,6
320,320,15,14
321,321,12,6
322,322,1,1
323,323,17,18
324,324,19,22
325,325,12,6
326,326,20,9
327,327,18,17
328,328,1,1
329,329,4,13
330,330,2,20
331,331,10,10
332,332,20,20
333,333,7,14
334,334,21,21
335,335,21,9
336,336,7,16
337,337,19,15
338,338,20,20
339,339,5,7
340,340,2,9
341,341,16,16
342,342,17,17
343,343,11,10
344,344,22,12
345,345,11,11
346,346,13,13
347,347,22,22
348,348,8,2
349,349,7,17
350,350,13,4
351,351,10,10
352,352,17,18
353,353,6,20
354,354,13,12
355,355,21,20
356,356,20,16
357,357,11,6
358,358,21,19
359,359,20,20
360,360,2,9
361,361,5,5
362,362,14,15
363,363,20,20
364,364,3,3
365,365,15,15
366,366,8,2
367,367,14,17
368,368,14,14
369,369,21,21
370,370,9,2
371,371,5,5
372,372,3,7
373,373,13,6
374,374,19,19
375,375,20,20
376,376,7,7
377,377,22,16
378,378,14,14
379,379,14,14
380,380,22,22
381,381,11,11
382,382,3,3
383,383,19,19
384,384,3,1
385,385,12,12
386,386,11,4
387,387,22,22
388,388,20,20
389,389,5,5
390,390,6,6
391,391,22,12
392,392,15,15
393,393,20,5
394,394,21,2
395,395,22,20
396,396,20,20
397,397,6,6
398,398,19,1
399,399,16,16
400,400,8,8
401,401,1,10
402,402,2,2
403,403,9,2
404,404,15,7
405,405,8,9
406,406,9,21
407,407,17,17
408,408,19,19
409,409,8,8
410,410,17,17
411,411,7,16
412,412,16,16
413,413,18,1
414,414,1,1
415,415,16,16
416,416,3,3
417,417,12,13
418,418,14,14
419,419,10,10
420,420,11,12
421,421,21,7
422,422,5,5
423,423,2,2
424,424,20,20
425,425,1,1
426,426,12,12
427,427,12,16
428,428,21,14
429,429,16,16
430,430,12,11
431,431,22,10
432,432,3,3
433,433,2,9
434,434,19,15
435,435,14,15
436,436,21,14
437,437,20,20
438,438,7,20
439,439,7,7
440,440,20,7
441,441,3,3
442,442,20,14
443,443,20,15
444,444,1,1
445,445,17,18
446,446,13,13
447,447,8,8
448,448,22,3
449,449,7,5
450,450,1,16
451,451,22,22
452,452,20,20
453,453,13,11
454,454,1,1
455,455,16,16
456,456,14,22
457,457,16,10
458,458,10,10
459,459,20,2
460,460,1,3
461,461,4,6
462,462,4,4
463,463,17,17
464,464,21,11
465,465,5,5
466,466,12,12
467,467,13,1
468,468,19,7
469,469,12,12
470,470,21,19
471,471,16,16
472,472,3,3
473,473,18,18
474,474,16,3
475,475,17,17
476,476,7,7
477,477,4,10
478,478,1,1
479,479,12,12
480,480,14,14
481,481,12,12
482,482,13,4
483,483,3,19
484,484,3,10
485,485,21,21
486,486,9,9
487,487,14,14
488,488,18,18
489,489,14,14
490,490,8,8
491,491,17,17
492,492,2,2
493,493,21,6
494,494,18,17
495,495,22,12
496,496,5,5
497,497,21,7
498,498,20,21
499,499,14,21
500,500,10,10
501,501,9,9
502,502,5,5
503,503,13,4
504,504,13,12
505,505,22,21
506,506,22,10
507,507,15,14
508,508,13,13
509,509,21,22
510,510,15,15
511,511,11,4
512,512,17,15
513,513,21,14
514,514,1,10
515,515,12,13
516,516,2,2
517,517,6,22
518,518,20,19
519,519,10,22
520,520,13,12
521,521,10,10
522,522,21,22
523,523,13,4
524,524,12,12
525,525,11,13
526,526,12,6
527,527,3,22
528,528,2,2
529,529,17,8
530,530,17,3
531,531,19,22
532,532,21,20
533,533,10,1
534,534,17,17
535,535,12,12
536,536,4,4
537,537,20,8
538,538,19,17
539,539,13,11
540,540,15,15
541,541,11,16
542,542,10,10
543,543,12,12
544,544,7,8
545,545,14,14
546,546,4,4
547,547,17,18
548,548,3,3
549,549,16,16
550,550,21,21
551,551,3,1
552,552,20,22
553,553,17,17
554,554,6,6
555,555,20,17
556,556,20,8
557,557,19,18
558,558,4,13
559,559,15,15
560,560,21,1
561,561,4,4
562,562,14,14
563,563,12,12
564,564,21,21
565,565,2,2
566,566,11,13
567,567,22,22
568,568,11,12
569,569,4,4
570,570,15,14
571,571,15,15
572,572,19,20
573,573,3,3
574,574,14,15
575,575,13,10
576,576,13,12
577,577,13,11
578,578,21,21
579,579,10,13
580,580,7,14
581,581,16,16
582,582,18,18
583,583,5,5
584,584,4,4
585,585,6,10
586,586,12,12
587,587,8,2
588,588,16,16
589,589,6,6
590,590,13,11
591,591,19,22
592,592,3,16
593,593,14,14
594,594,1,3
595,595,3,1
596,596,6,4
597,597,18,17
598,598,3,4
599,599,15,14
600,600,3,3
601,601,20,20
602,602,21,21
603,603,1,1
604,604,19,21
605,605,10,10
606,606,4,4
607,607,12,12
608,608,1,16
609,609,14,14
610,610,14,14
611,611,19,18
612,612,3,3
613,613,21,20
614,614,21,7
615,615,17,3
616,616,1,3
617,617,17,17
618,618,21,21
619,619,7,14
620,620,9,9
621,621,22,6
622,622,9,2
623,623,2,2
624,624,11,11
625,625,19,21
626,626,8,8
627,627,9,9
628,628,17,17
629,629,21,19
630,630,13,13
631,631,3,3
632,632,3,16
633,633,8,8
634,634,17,17
635,635,16,16
636,636,20,7
637,637,1,1
638,638,18,18
639,639,3,10
640,640,14,14
641,641,6,6
642,642,18,17
643,643,9,9
644,644,3,1
645,645,18,18
646,646,9,9
647,647,8,8
648,648,4,4
649,649,4,10
650,650,11,11
651,651,17,16
652,652,9,2
653,653,10,10
654,654,17,17
655,655,7,7
656,656,7,7
657,657,21,21
658,658,4,13
659,659,3,3
660,660,18,18
661,661,22,21
662,662,14,14
663,663,4,4
664,664,21,15
665,665,14,14
666,666,17,17
667,667,9,9
668,668,20,7
669,669,20,20
670,670,13,12
671,671,21,21
672,672,17,17
673,673,20,22
674,674,15,15
675,675,4,4
676,676,18,18
677,677,15,15
678,678,16,16
679,679,17,20
680,680,19,21
681,681,4,4
682,682,9,9
683,683,21,14
684,684,14,15
685,685,15,15
686,686,11,13
687,687,16,16
688,688,20,21
689,689,1,1
690,690,12,12
691,691,14,14
692,692,4,4
693,693,1,10
694,694,5,5
695,695,9,9
696,696,14,14
697,697,10,10
698,698,13,10
699,699,20,17
700,700,1,1
701,701,10,10
702,702,16,1
703,703,19,20
704,704,2,8
705,705,16,16
706,706,12,10
707,707,3,3
708,708,4,1
709,709,22,16
710,710,16,16
711,711,6,6
712,712,21,21
713,713,17,17
714,714,20,17
715,715,11,11
716,716,19,9
717,717,12,13
718,718,7,10
719,719,18,18
720,720,17,5
721,721,15,14
722,722,21,21
723,723,22,22
724,724,6,6
725,725,11,11
726,726,6,6
727,727,2,9
728,728,14,22
729,729,11,11
730,730,5,18
731,731,19,17
732,732,5,17
733,733,21,21
734,734,10,10
735,735,17,17
736,736,7,7
737,737,15,5
738,738,3,3
739,739,10,4
740,740,11,13
741,741,11,13
742,742,15,15
743,743,3,3
744,744,14,14
745,745,19,19
746,746,18,7
747,747,17,5
748,748,20,2
749,749,13,4
750,750,18,18
751,751,13,13
752,752,3,7
753,753,16,16
754,754,1,4
755,755,15,7
756,756,14,14
757,757,17,18
758,758,1,1
759,759,16,11
760,760,1,1
761,761,8,8
762,762,12,11
763,763,21,22
764,764,4,4
765,765,10,10
766,766,9,9
767,767,2,2
768,768,20,22
769,769,1,1
770,770,19,19
771,771,18,7
772,772,14,14
773,773,4,18
774,774,15,7
775,775,14,14
776,776,10,21
777,777,13,13
778,778,20,7
779,779,12,13
780,780,8,9
781,781,4,4
782,782,8,8
783,783,20,2
784,784,12,12
785,785,11,4
786,786,1,1
787,787,9,8
788,788,15,15
789,789,14,14
790,790,4,12
791,791,9,9
792,792,15,5
793,793,10,4
794,794,8,8
795,795,18,15
796,796,3,3
797,797,10,10
798,798,18,19
799,799,8,8
800,800,14,14
801,801,14,14
802,802,19,16
803,803,11,11
804,804,4,11
805,805,1,1
806,806,9,9
807,807,6,6
808,808,21,7
809,809,17,17
810,810,16,16
811,811,14,14
812,812,19,18
813,813,14,14
814,814,11,6
815,815,7,7
816,816,13,13
817,817,14,20
818,818,11,11
819,819,9,9
820,820,16,16
821,821,8,9
822,822,8,8
823,823,14,22
824,824,16,16
825,825,11,9
826,826,4,4
827,827,12,12
828,828,21,21
829,829,3,1
830,830,2,20
831,831,8,8
832,832,4,4
833,833,16,16
834,834,15,14
835,835,7,18
836,836,5,5
837,837,21,19
838,838,17,20
839,839,20,16
840,840,12,12
841,841,11,6
842,842,14,14
843,843,8,17
844,844,19,3
845,845,22,6
846,846,4,4
847,847,6,6
848,848,13,4
849,849,13,12
850,850,10,3
851,851,8,8
852,852,18,5
853,853,13,11
854,854,15,7
855,855,19,19
856,856,9,9
857,857,6,6
858,858,1,1
859,859,12,14
860,860,1,7
861,861,17,17
862,862,1,1
863,863,5,5
864,864,3,10
865,865,13,22
866,866,6,12
867,867,22,3
868,868,9,9
869,869,2,2
870,870,20,20
871,871,22,22
872,872,4,4
873,873,2,16
874,874,13,13
875,875,12,6
876,876,15,7
877,877,18,18
878,878,19,15
879,879,10,10
880,880,13,11
881,881,15,15
882,882,22,6
883,883,18,15
884,884,13,13
885,885,17,17
886,886,19,17
887,887,1,4
888,888,16,1
889,889,7,5
890,890,20,20
891,891,1,1
892,892,22,4
893,893,8,8
894,894,6,6
895,895,15,7
896,896,17,20
897,897,2,2
898,898,12,12
899,899,17,17
900,900,3,1
901,901,10,10
902,902,12,13
903,903,13,13
904,904,17,17
905,905,1,1
906,906,20,20
907,907,7,16
908,908,3,22
909,909,12,12
910,910,22,22
911,911,11,14
912,912,10,13
913,913,3,22
914,914,22,11
915,915,21,21
916,916,21,22
917,917,17,17
918,918,7,7
919,919,4,13
920,920,22,3
921,921,22,13
922,922,3,1
923,923,9,9
924,924,6,9
925,925,17,18
926,926,20,20
927,927,14,14
928,928,1,3
929,929,11,11
930,930,11,20
931,931,7,5
932,932,6,6
933,933,20,21
934,934,21,21
935,935,6,6
936,936,13,13
937,937,3,10
938,938,8,8
939,939,8,8
940,940,22,22
941,941,21,7
942,942,8,8
943,943,1,1
944,944,12,6
945,945,7,7
946,946,17,17
947,947,16,16
948,948,12,12
949,949,6,6
950,950,6,6
951,951,20,20
952,952,14,14
953,953,14,19
954,954,20,22
955,955,16,16
956,956,2,2
957,957,6,6
958,958,17,17
959,959,18,18
960,960,15,6
961,961,19,21
962,962,21,21
963,963,5,5
964,964,16,16
965,965,2,2
966,966,17,17
967,967,19,21
968,968,4,6
969,969,21,21
970,970,4,4
971,971,19,17
972,972,1,1
973,973,15,15
974,974,20,21
975,975,2,2
976,976,10,7
977,977,11,12
978,978,22,3
979,979,19,17
980,980,4,4
981,981,10,3
982,982,20,15
983,983,4,10
984,984,15,15
985,985,12,13
986,986,13,4
987,987,1,1
988,988,6,6
989,989,6,6
990,990,21,21
991,991,21,12
992,992,16,16
993,993,19,5
994,994,13,13
995,995,19,15
996,996,3,3
997,997,7,7
998,998,4,4
999,999,18,17
1000,1000,16,16
1001,1001,13,12
1002,1002,22,19
1003,1003,5,5
1004,1004,17,19
1005,1005,19,3
1006,1006,9,9
1007,1007,7,7
1008,1008,19,21
1009,1009,19,18
1010,1010,19,21
1011,1011,11,11
1012,1012,16,16
1013,1013,10,10
1014,1014,14,14
1015,1015,7,7
1016,1016,20,20
1017,1017,13,4
1018,1018,2,2
1019,1019,7,5
1020,1020,3,3
1021,1021,17,7
1022,1022,20,20
1023,1023,2,2
1024,1024,2,9
1025,1025,9,9
1026,1026,15,15
1027,1027,3,12
1028,1028,13,4
1029,1029,21,19
1030,1030,19,19
1031,1031,5,5
1032,1032,9,10
1033,1033,19,19
1034,1034,18,18
1035,1035,4,4
1036,1036,14,14
1037,1037,17,17
1038,1038,16,16
1039,1039,2,2
1040,1040,20,7
1041,1041,9,9
1042,1042,6,6
1043,1043,1,8
1044,1044,12,21
1045,1045,22,22
1046,1046,12,11
1047,1047,12,12
1048,1048,17,19
1049,1049,11,11
1050,1050,10,10
1051,1051,15,14
1052,1052,1,16
1053,1053,19,21
1054,1054,16,1
1055,1055,2,9
1056,1056,3,10
1057,1057,17,18
1058,1058,8,8
1059,1059,3,21
1060,1060,14,14
1061,1061,5,15
1062,1062,12,13
1063,1063,2,2
1064,1064,8,8
1065,1065,14,15
1066,1066,3,3
1067,1067,13,14
1068,1068,14,14
1069,1069,16,6
1070,1070,17,17
1071,1071,21,21
1072,1072,13,4
1073,1073,12,11
1074,1074,4,4
1075,1075,2,9
1076,1076,1,4
1077,1077,2,2
1078,1078,5,14
1079,1079,1,1
1080,1080,1,1
1081,1081,9,2
1082,1082,8,8
1083,1083,14,14
1084,1084,16,1
1085,1085,8,9
1086,1086,12,12
1087,1087,15,14
1088,1088,7,7
1089,1089,2,2
1090,1090,7,6
1091,1091,21,21
1092,1092,7,15
1093,1093,9,9
1094,1094,16,16
1095,1095,9,2
1096,1096,19,19
1097,1097,19,20
1098,1098,14,21
1099,1099,8,8
1100,1100,14,20
1101,1101,4,13
1102,1102,1,1
1103,1103,2,2
1104,1104,18,18
1105,1105,4,4
1106,1106,20,19
1107,1107,19,1
1108,1108,5,5
1109,1109,11,11
1110,1110,12,12
1111,1111,2,2
1112,1112,14,20
1113,1113,3,3
1114,1114,17,5
1115,1115,19,20
1116,1116,2,2
1117,1117,16,16
1118,1118,3,3
1119,1119,7,16
1120,1120,1,1
1121,1121,16,16
1122,1122,13,13
1123,1123,18,17
1124,1124,17,18
1125,1125,10,10
1126,1126,2,2
1127,1127,13,4
1128,1128,8,2
1129,1129,3,3
1130,1130,9,9
1131,1131,15,15
1132,1132,22,10
1133,1133,20,18
1134,1134,21,14
1135,1135,18,5
1136,1136,13,12
1137,1137,3,3
1138,1138,14,14
1139,1139,21,21
1140,1140,2,2
1141,1141,6,6
1142,1142,14,14
1143,1143,22,3
1144,1144,10,4
1145,1145,20,8
1146,1146,12,12
1147,1147,19,22
1148,1148,18,17
1149,1149,13,12
1150,1150,15,15
1151,1151,4,4
1152,1152,10,10
1153,1153,11,11
1154,1154,9,9
1155,1155,20,16
1156,1156,2,2
1157,1157,13,4
1158,1158,14,14
1159,1159,17,18
1160,1160,3,3
1161,1161,2,2
1162,1162,8,8
1163,1163,18,18
1164,1164,22,22
1165,1165,1,1
1166,1166,22,22
1167,1167,17,18
1168,1168,2,8
1169,1169,19,22
1170,1170,1,1
1171,1171,13,3
1172,1172,10,1
1173,1173,4,11
1174,1174,16,3
1175,1175,18,18
1176,1176,16,16
1177,1177,6,4
1178,1178,17,8
1179,1179,9,2
1180,1180,9,9
1181,1181,6,11
1182,1182,12,12
1183,1183,21,21
1184,1184,14,14
1185,1185,11,12
1186,1186,15,15
1187,1187,3,10
1188,1188,3,3
1189,1189,8,8
1190,1190,11,12
1191,1191,6,6
1192,1192,20,17
1193,1193,1,16
1194,1194,14,14
1195,1195,20,7
1196,1196,3,3
1197,1197,7,15
1198,1198,3,17
1199,1199,16,16
1200,1200,13,4
1201,1201,19,18
1202,1202,5,5
1203,1203,3,3
1204,1204,22,16
1205,1205,3,3
1206,1206,16,3
1207,1207,13,13
1208,1208,9,9
1209,1209,9,8
1210,1210,8,17
1211,1211,11,10
1212,1212,13,12
1213,1213,3,3
1214,1214,7,7
1215,1215,4,13
1216,1216,3,13
1217,1217,10,3
1218,1218,12,13
1219,1219,11,11
1220,1220,14,21
1221,1221,19,19
1222,1222,17,17
1223,1223,12,12
1224,1224,11,10
1225,1225,12,13
1226,1226,20,22
1227,1227,15,15
1228,1228,8,8
1229,1229,2,18
1230,1230,11,6
1231,1231,19,13
1232,1232,21,21
1233,1233,16,3
1234,1234,8,8
1235,1235,6,6
1236,1236,6,6
1237,1237,2,2
1238,1238,7,7
1239,1239,12,11
1240,1240,5,5
1241,1241,15,15
1242,1242,19,7
1243,1243,3,3
1244,1244,2,2
1245,1245,15,14
1246,1246,20,18
1247,1247,13,10
1248,1248,5,18
1249,1249,21,14
1250,1250,5,5
1251,1251,15,15
1252,1252,22,22
1253,1253,19,21
1254,1254,6,6
1255,1255,13,13
1256,1256,5,5
1257,1257,22,21
1258,1258,17,16
1259,1259,9,9
1260,1260,13,6
1261,1261,9,9
1262,1262,11,13
1263,1263,3,10
1264,1264,11,9
1265,1265,21,20
1266,1266,9,2
1267,1267,22,10
1268,1268,7,7
1269,1269,4,4
1270,1270,16,16
1271,1271,16,11
1272,1272,21,20
1273,1273,20,21
1274,1274,7,5
1275,1275,21,14
1276,1276,9,9
1277,1277,15,14
1278,1278,9,9
1279,1279,14,14
1280,1280,21,7
1281,1281,5,5
1282,1282,17,17
1283,1283,22,22
1284,1284,17,18
1285,1285,5,5
1286,1286,1,1
1287,1287,3,10
1288,1288,20,8
1289,1289,4,4
1290,1290,20,21
1291,1291,10,10
1292,1292,14,14
1293,1293,2,2
1294,1294,1,13
1295,1295,8,2
1296,1296,4,4
1297,1297,10,13
1298,1298,2,9
1299,1299,3,3
1300,1300,10,4
1301,1301,13,12
1302,1302,20,20
1303,1303,20,22
1304,1304,17,1
1305,1305,13,11
1306,1306,15,19
1307,1307,16,16
1308,1308,11,12
1309,1309,1,1
1310,1310,19,19
1311,1311,17,17
1312,1312,16,16
1313,1313,1,1
1314,1314,19,19
1315,1315,5,5
1316,1316,13,13
1317,1317,15,14
1318,1318,7,7
1319,1319,18,19
1320,1320,6,6
1321,1321,4,3
1322,1322,19,7
1323,1323,14,14
1324,1324,17,18
1325,1325,3,22
1326,1326,12,6
1327,1327,8,8
1328,1328,17,18
1329,1329,2,2
1330,1330,6,4
1331,1331,12,12
1332,1332,14,15
1333,1333,22,15
1334,1334,6,6
1335,1335,13,13
1336,1336,14,14
1337,1337,17,17
1338,1338,20,22
1339,1339,9,2
1340,1340,5,5
1341,1341,18,18
1342,1342,12,13
1343,1343,8,20
1344,1344,7,18
1345,1345,13,12
1346,1346,3,1
1347,1347,7,7
1348,1348,1,1
1349,1349,14,14
1350,1350,16,6
1351,1351,5,5
1352,1352,21,20
1353,1353,22,1
1354,1354,6,13
1355,1355,20,20
1356,1356,13,4
1357,1357,12,12
1358,1358,14,14
1359,1359,9,9
1360,1360,14,15
1361,1361,8,8
1362,1362,4,4
1363,1363,22,13
1364,1364,19,19
1365,1365,3,3
1366,1366,15,15
1367,1367,14,14
1368,1368,11,12
1369,1369,8,8
1370,1370,1,1
1371,1371,4,4
1372,1372,17,17
1373,1373,17,17
1374,1374,20,21
1375,1375,11,12
1376,1376,15,14
1377,1377,18,18
1378,1378,2,2
1379,1379,14,15
1380,1380,4,10
1381,1381,10,10
1382,1382,21,21
1383,1383,7,7
1384,1384,12,12
1385,1385,15,15
1386,1386,7,5
1387,1387,3,10
1388,1388,7,8
1389,1389,4,4
1390,1390,5,5
1391,1391,8,8
1392,1392,13,10
1393,1393,12,13
1394,1394,13,13
1395,1395,12,12
1396,1396,15,15
1397,1397,10,10
1398,1398,17,17
1399,1399,10,10
1400,1400,7,6
1401,1401,14,12
1402,1402,17,17
1403,1403,4,4
1404,1404,3,3
1405,1405,1,1
1406,1406,11,12
1407,1407,21,21
1408,1408,4,4
1409,1409,8,8
1410,1410,13,13
1411,1411,22,3
1412,1412,14,14
1413,1413,17,17
1414,1414,15,15
1415,1415,7,21
1416,1416,11,6
1417,1417,14,14
1418,1418,20,20
1419,1419,18,20
1420,1420,19,21
1421,1421,21,21
1422,1422,1,1
1423,1423,11,11
1424,1424,5,5
1425,1425,2,2
1426,1426,17,18
1427,1427,3,3
1428,1428,15,15
1429,1429,16,16
1430,1430,13,13
1431,1431,15,15
1432,1432,7,7
1433,1433,17,17
1434,1434,14,14
1435,1435,1,3
1436,1436,22,22
1437,1437,18,18
1438,1438,13,11
1439,1439,21,22
1440,1440,12,13
1441,1441,17,18
1442,1442,12,6
1443,1443,20,20
1444,1444,14,15
1445,1445,2,2
1446,1446,15,15
1447,1447,18,18
1448,1448,3,6
1449,1449,22,22
1450,1450,15,14
1451,1451,15,15
1452,1452,17,17
1453,1453,13,10
1454,1454,22,6
1455,1455,20,19
1456,1456,15,15
1457,1457,12,13
1458,1458,8,8
1459,1459,10,10
1460,1460,3,12
1461,1461,10,10
1462,1462,6,6
1463,1463,21,14
1464,1464,16,3
1465,1465,21,15
1466,1466,13,13
1467,1467,12,4
1468,1468,12,4
1469,1469,21,21
1470,1470,19,19
1471,1471,1,1
1472,1472,21,21
1473,1473,21,20
1474,1474,8,8
1475,1475,12,12
1476,1476,3,1
1477,1477,3,3
1478,1478,22,19
1479,1479,1,1
1480,1480,9,9
1481,1481,13,13
1482,1482,4,4
1483,1483,4,1
1484,1484,2,2
1485,1485,3,3
1486,1486,18,18
1487,1487,19,17
1488,1488,16,16
1489,1489,4,13
1490,1490,21,21
1491,1491,7,16
1492,1492,15,14
1493,1493,14,14
1494,1494,14,14
1495,1495,21,11
1496,1496,20,15
1497,1497,13,10
1498,1498,2,2
1499,1499,4,3
1500,1500,1,1
1501,1501,7,20
1502,1502,1,1
1503,1503,9,9
1504,1504,11,11
1505,1505,10,13
1506,1506,1,1
1507,1507,22,22
1508,1508,1,1
1509,1509,15,15
1510,1510,14,14
1511,1511,19,20
1512,1512,1,1
1513,1513,20,20
1514,1514,21,19
1515,1515,5,5
1516,1516,6,22
1517,1517,9,2
1518,1518,21,1
1519,1519,12,12
1520,1520,3,3
1521,1521,13,4
1522,1522,17,18
1523,1523,19,19
1524,1524,10,3
1525,1525,16,16
1526,1526,3,3
1527,1527,21,21
1528,1528,1,1
1529,1529,14,14
1530,1530,3,3
1531,1531,9,9
1532,1532,22,22
1533,1533,3,4
1534,1534,20,15
1535,1535,6,4
1536,1536,19,20
1537,1537,6,4
1538,1538,15,18
1539,1539,20,20
1540,1540,17,8
1541,1541,15,14
1542,1542,14,14
1543,1543,18,18
1544,1544,9,9
1545,1545,21,21
1546,1546,8,8
1547,1547,18,17
1548,1548,1,1
1549,1549,12,11
1550,1550,9,9
1551,1551,12,6
1552,1552,1,1
1553,1553,2,8
1554,1554,16,16
1555,1555,22,22
1556,1556,17,17
1557,1557,14,14
1558,1558,4,10
1559,1559,14,14
1560,1560,19,19
1561,1561,17,17
1562,1562,5,17
1563,1563,18,17
1564,1564,9,9
1565,1565,8,2
1566,1566,18,7
1567,1567,6,11
1568,1568,7,7
1569,1569,16,22
1570,1570,14,21
1571,1571,7,7
1572,1572,22,10
1573,1573,2,21
1574,1574,9,9
1575,1575,7,5
1576,1576,11,11
1577,1577,9,9
1578,1578,11,6
1579,1579,20,7
1580,1580,19,18
1581,1581,14,14
1582,1582,2,2
1583,1583,7,21
1584,1584,10,3
1585,1585,21,21
1586,1586,11,12
1587,1587,3,16
1588,1588,21,21
1589,1589,2,2
1590,1590,2,2
1591,1591,14,14
1592,1592,19,8
1593,1593,7,7
1594,1594,2,20
1595,1595,20,21
1596,1596,11,12
1597,1597,5,5
1598,1598,15,15
1599,1599,21,15
1600,1600,19,21
1601,1601,6,6
1602,1602,16,16
1603,1603,22,16
1604,1604,12,13
1605,1605,12,12
1606,1606,18,18
1607,1607,11,4
1608,1608,21,14
1609,1609,1,1
1610,1610,2,20
1611,1611,18,18
1612,1612,5,5
1613,1613,13,10
1614,1614,21,14
1615,1615,7,8
1616,1616,9,9
1617,1617,1,1
1618,1618,20,20
1619,1619,21,22
1620,1620,14,15
1621,1621,9,9
1622,1622,22,3
1623,1623,2,2
1624,1624,19,19
1625,1625,15,15
1626,1626,18,18
1627,1627,2,2
1628,1628,15,15
1629,1629,8,8
1630,1630,6,6
1631,1631,2,2
1632,1632,5,17
1633,1633,15,22
1634,1634,10,16
1635,1635,5,20
1636,1636,7,7
1637,1637,22,21
1638,1638,14,14
1639,1639,20,21
1640,1640,5,14
1641,1641,3,16
1642,1642,10,10
1643,1643,20,8
1644,1644,8,8
1645,1645,19,15
1646,1646,1,1
1647,1647,20,20
1648,1648,21,14
1649,1649,9,2
1650,1650,1,1
1651,1651,21,19
1652,1652,4,4
1653,1653,2,2
1654,1654,21,20
1655,1655,1,1
1656,1656,7,3
1657,1657,14,14
1658,1658,15,6
1659,1659,22,12
1660,1660,14,14
1661,1661,19,19
1662,1662,7,7
1663,1663,16,16
1664,1664,21,21
1665,1665,11,11
1666,1666,17,3
1667,1667,12,22
1668,1668,18,18
1669,1669,1,1
1670,1670,7,18
1671,1671,19,17
1672,1672,6,6
1673,1673,18,3
1674,1674,22,3
1675,1675,3,3
1676,1676,4,11
1677,1677,22,10
1678,1678,19,7
1679,1679,3,21
1680,1680,4,4
1681,1681,1,1
1682,1682,7,7
1683,1683,3,3
1684,1684,13,13
1685,1685,11,4
1686,1686,11,11
1687,1687,9,9
1688,1688,6,6
1689,1689,9,2
1690,1690,9,9
1691,1691,12,13
1692,1692,12,11
1693,1693,21,21
1694,1694,18,18
1695,1695,13,13
1696,1696,8,8
1697,1697,17,17
1698,1698,18,5
1699,1699,15,15
1700,1700,19,20
1701,1701,15,15
1702,1702,22,11
1703,1703,3,3
1704,1704,5,5
1705,1705,6,6
1706,1706,5,5
1707,1707,8,2
1708,1708,18,17
1709,1709,9,2
1710,1710,7,7
1711,1711,11,10
1712,1712,13,21
1713,1713,21,22
1714,1714,7,15
1715,1715,20,20
1716,1716,2,2
1717,1717,3,3
1718,1718,15,7
1719,1719,16,16
1720,1720,11,4
1721,1721,11,11
1722,1722,20,20
1723,1723,2,2
1724,1724,4,4
1725,1725,5,5
1726,1726,17,17
1727,1727,16,16
1728,1728,11,12
1729,1729,8,8
1730,1730,11,4
1731,1731,4,11
1732,1732,18,18
1733,1733,14,15
1734,1734,10,4
1735,1735,1,1
1736,1736,18,18
1737,1737,2,2
1738,1738,6,12
1739,1739,15,14
1740,1740,7,5
1741,1741,19,22
1742,1742,4,4
1743,1743,8,8
1744,1744,5,7
1745,1745,17,8
1746,1746,20,20
1747,1747,8,8
1748,1748,10,3
1749,1749,7,17
1750,1750,18,18
1751,1751,1,1
1752,1752,7,17
1753,1753,14,14
1754,1754,15,15
1755,1755,14,21
1756,1756,18,17
1757,1757,5,17
1758,1758,10,10
1759,1759,8,8
1760,1760,10,4
1761,1761,22,6
1762,1762,15,15
1763,1763,22,22
1764,1764,12,6
1765,1765,13,12
1766,1766,5,5
1767,1767,17,17
1768,1768,18,16
1769,1769,9,9
1770,1770,5,15
1771,1771,12,11
1772,1772,1,1
1773,1773,6,10
1774,1774,13,4
1775,1775,20,22
1776,1776,10,10
1777,1777,5,18
1778,1778,8,8
1779,1779,19,18
1780,1780,19,16
1781,1781,2,8
1782,1782,21,17
1783,1783,21,21
1784,1784,9,9
1785,1785,1,13
1786,1786,14,5
1787,1787,1,1
1788,1788,6,4
1789,1789,8,8
1790,1790,20,2
1791,1791,17,18
1792,1792,3,7
1793,1793,1,1
1794,1794,6,16
1795,1795,14,21
1796,1796,20,20
1797,1797,11,10
1798,1798,22,6
1799,1799,7,7
1800,1800,11,11
1801,1801,2,2
1802,1802,2,2
1803,1803,14,7
1804,1804,22,21
1805,1805,7,1
1806,1806,20,15
1807,1807,12,13
1808,1808,2,2
1809,1809,22,10
1810,1810,20,20
1811,1811,22,13
1812,1812,14,21
1813,1813,21,22
1814,1814,3,10
1815,1815,2,2
1816,1816,21,21
1817,1817,1,1
1818,1818,9,9
1819,1819,9,9
1820,1820,4,4
1821,1821,5,5
1822,1822,1,1
1823,1823,14,14
1824,1824,2,2
1825,1825,6,6
1826,1826,2,2
1827,1827,21,11
1828,1828,6,12
1829,1829,11,4
1830,1830,22,22
1831,1831,21,14
1832,1832,10,10
1833,1833,22,22
1834,1834,12,12
1835,1835,13,4
1836,1836,18,18
1837,1837,20,22
1838,1838,2,2
1839,1839,18,18
1840,1840,1,1
1841,1841,1,13
1842,1842,6,6
1843,1843,16,16
1844,1844,17,17
1845,1845,17,20
1846,1846,18,15
1847,1847,14,14
1848,1848,11,11
1849,1849,21,21
1850,1850,20,20
1851,1851,10,10
1852,1852,2,2
1853,1853,12,12
1854,1854,19,7
1855,1855,6,6
1856,1856,14,5
1857,1857,12,1
1858,1858,5,5
1859,1859,19,19
1860,1860,2,2
1861,1861,2,2
1862,1862,19,19
1863,1863,7,7
1864,1864,9,9
1865,1865,16,16
1866,1866,19,18
1867,1867,3,3
1868,1868,14,14
1869,1869,11,12
1870,1870,11,11
1871,1871,15,15
1872,1872,16,3
1873,1873,8,8
1874,1874,12,13
1875,1875,6,6
1876,1876,16,1
1877,1877,22,11
1878,1878,14,21
1879,1879,1,1
1880,1880,2,8
1881,1881,14,14
1882,1882,4,6
1883,1883,8,19
1884,1884,18,18
1885,1885,13,13
1886,1886,1,18
1887,1887,2,2
1888,1888,13,4
1889,1889,10,10
1890,1890,11,11
1891,1891,6,6
1892,1892,4,10
1893,1893,4,13
1894,1894,15,14
1895,1895,11,4
1896,1896,17,17
1897,1897,14,14
1898,1898,1,1
1899,1899,22,22
1900,1900,18,5
1901,1901,2,2
1902,1902,5,17
1903,1903,3,3
1904,1904,3,3
1905,1905,1,1
1906,1906,3,1
1907,1907,20,20
1908,1908,21,19
1909,1909,1,3
1910,1910,22,3
1911,1911,2,8
1912,1912,12,11
1913,1913,2,2
1914,1914,9,2
1915,1915,2,2
1916,1916,6,10
1917,1917,20,20
1918,1918,1,1
1919,1919,19,17
1920,1920,4,4
1921,1921,6,6
1922,1922,6,21
1923,1923,3,10
1924,1924,7,7
1925,1925,21,21
1926,1926,19,17
1927,1927,10,10
1928,1928,10,11
1929,1929,17,18
1930,1930,13,10
1931,1931,14,14
1932,1932,21,21
1933,1933,20,20
1934,1934,17,17
1935,1935,10,3
1936,1936,3,1
1937,1937,18,18
1938,1938,2,2
1939,1939,12,12
1940,1940,2,2
1941,1941,3,3
1942,1942,11,12
1943,1943,14,14
1944,1944,20,22
1945,1945,13,12
1946,1946,20,9
1947,1947,16,16
1948,1948,4,10
1949,1949,8,8
1950,1950,2,2
1951,1951,9,9
1952,1952,4,4
1953,1953,17,17
1954,1954,3,3
1955,1955,5,5
1956,1956,5,5
1957,1957,10,10
1958,1958,20,20
1959,1959,17,8
1960,1960,1,1
1961,1961,22,3
1962,1962,1,1
1963,1963,21,21
1964,1964,12,6
1965,1965,22,1
1966,1966,1,1
1967,1967,14,17
1968,1968,1,1
1969,1969,22,19
1970,1970,19,15
1971,1971,19,21
1972,1972,17,18
1973,1973,4,22
1974,1974,11,11
1975,1975,21,21
1976,1976,8,8
1977,1977,12,12
1978,1978,2,2
1979,1979,5,5
1980,1980,18,17
1981,1981,18,18
1982,1982,18,19
1983,1983,5,5
1984,1984,1,1
1985,1985,17,17
1986,1986,8,8
1987,1987,5,5
1988,1988,8,8
1989,1989,15,14
1990,1990,18,17
1991,1991,22,22
1992,1992,13,13
1993,1993,10,10
1994,1994,1,16
1995,1995,18,18
1996,1996,6,15
1997,1997,18,15
1998,1998,10,10
1999,1999,4,11
2000,2000,4,4
2001,2001,16,16
2002,2002,14,5
2003,2003,21,21
2004,2004,12,12
2005,2005,4,13
2006,2006,5,5
2007,2007,11,20
2008,2008,4,4
2009,2009,4,4
2010,2010,10,10
2011,2011,2,2
2012,2012,19,20
2013,2013,3,1
2014,2014,2,2
2015,2015,5,15
2016,2016,12,6
2017,2017,22,9
2018,2018,16,16
2019,2019,4,4
2020,2020,9,9
2021,2021,22,20
2022,2022,9,9
2023,2023,16,1
2024,2024,2,2
2025,2025,2,2
2026,2026,2,2
2027,2027,5,5
2028,2028,3,10
2029,2029,5,8
2030,2030,10,10
2031,2031,10,3
2032,2032,7,7
2033,2033,3,3
2034,2034,9,9
2035,2035,12,13
2036,2036,8,8
2037,2037,19,19
2038,2038,6,6
2039,2039,8,8
2040,2040,13,7
2041,2041,4,4
2042,2042,18,18
2043,2043,21,21
2044,2044,13,13
2045,2045,10,10
2046,2046,1,1
2047,2047,9,9
2048,2048,4,4
2049,2049,4,4
2050,2050,5,5
2051,2051,8,5
2052,2052,12,13
2053,2053,5,5
2054,2054,13,13
2055,2055,9,9
2056,2056,21,21
2057,2057,12,12
2058,2058,17,17
2059,2059,8,8
2060,2060,16,17
2061,2061,17,17
2062,2062,8,8
2063,2063,18,18
2064,2064,8,20
2065,2065,2,2
2066,2066,21,21
2067,2067,10,13
2068,2068,3,1
2069,2069,21,21
2070,2070,19,22
2071,2071,18,18
2072,2072,3,19
2073,2073,15,15
2074,2074,2,2
2075,2075,8,2
2076,2076,9,9
2077,2077,8,8
2078,2078,2,11
2079,2079,7,7
2080,2080,14,14
2081,2081,20,19
2082,2082,21,22
2083,2083,20,22
2084,2084,18,3
2085,2085,19,1
2086,2086,21,19
2087,2087,22,22
2088,2088,7,7
2089,2089,12,12
2090,2090,6,13
2091,2091,20,20
2092,2092,22,13
2093,2093,6,4
2094,2094,4,10
2095,2095,14,20
2096,2096,19,22
2097,2097,15,15
2098,2098,14,5
2099,2099,10,4
2100,2100,11,11
2101,2101,17,18
2102,2102,13,11
2103,2103,16,3
2104,2104,21,21
2105,2105,1,1
2106,2106,7,11
2107,2107,4,6
2108,2108,2,2
2109,2109,1,10
2110,2110,12,16
2111,2111,16,16
2112,2112,20,20
2113,2113,2,2
2114,2114,1,3
2115,2115,18,18
2116,2116,17,17
2117,2117,7,8
2118,2118,7,7
2119,2119,6,6
2120,2120,21,19
2121,2121,16,3
2122,2122,22,3
2123,2123,18,18
2124,2124,2,20
2125,2125,22,22
2126,2126,12,12
2127,2127,9,9
2128,2128,8,8
2129,2129,14,5
2130,2130,12,6
2131,2131,15,6
2132,2132,20,22
2133,2133,17,17
2134,2134,13,12
2135,2135,11,11
2136,2136,1,1
2137,2137,10,4
2138,2138,3,3
2139,2139,17,18
2140,2140,1,18
2141,2141,21,21
2142,2142,3,3
2143,2143,11,12
2144,2144,21,10
2145,2145,14,14
2146,2146,17,17
2147,2147,2,2
2148,2148,9,9
2149,2149,21,21
2150,2150,15,15
2151,2151,12,12
2152,2152,13,13
2153,2153,22,11
2154,2154,8,8
2155,2155,21,14
2156,2156,10,10
2157,2157,18,17
2158,2158,13,10
2159,2159,6,4
2160,2160,15,15
2161,2161,9,9
2162,2162,8,8
2163,2163,8,8
2164,2164,15,15
2165,2165,10,11
2166,2166,10,10
2167,2167,5,5
2168,2168,19,7
2169,2169,21,19
2170,2170,4,4
2171,2171,19,3
2172,2172,20,7
2173,2173,3,3
2174,2174,4,4
2175,2175,5,5
2176,2176,17,17
2177,2177,1,1
2178,2178,4,4
2179,2179,20,20
2180,2180,6,6
2181,2181,14,14
2182,2182,5,5
2183,2183,14,5
2184,2184,18,1
2185,2185,20,7
2186,2186,16,16
2187,2187,5,5
2188,2188,14,14
2189,2189,16,11
2190,2190,5,15
2191,2191,12,4
2192,2192,11,6
2193,2193,8,8
2194,2194,20,14
2195,2195,13,13
2196,2196,7,7
2197,2197,8,8
2198,2198,6,6
2199,2199,11,11
2200,2200,14,14
2201,2201,3,3
2202,2202,7,18
2203,2203,14,14
2204,2204,19,19
2205,2205,13,13
2206,2206,9,14
2207,2207,9,9
2208,2208,14,14
2209,2209,21,21
2210,2210,16,16
2211,2211,22,14
2212,2212,3,3
2213,2213,3,3
2214,2214,10,10
2215,2215,4,4
2216,2216,3,10
2217,2217,14,14
2218,2218,4,4
2219,2219,11,22
2220,2220,12,1
2221,2221,21,21
2222,2222,9,9
2223,2223,19,21
2224,2224,12,13
2225,2225,8,8
2226,2226,6,3
2227,2227,10,10
2228,2228,21,14
2229,2229,11,21
2230,2230,18,17
2231,2231,6,6
2232,2232,18,5
2233,2233,21,20
2234,2234,3,3
2235,2235,10,10
2236,2236,6,6
2237,2237,6,16
2238,2238,18,14
2239,2239,12,10
2240,2240,3,11
2241,2241,10,10
2242,2242,10,10
2243,2243,13,12
2244,2244,9,2
2245,2245,6,4
2246,2246,21,21
2247,2247,5,5
2248,2248,16,16
2249,2249,21,14
2250,2250,10,3
2251,2251,22,12
2252,2252,6,6
2253,2253,17,18
2254,2254,20,7
2255,2255,17,18
2256,2256,20,20
2257,2257,14,14
2258,2258,1,1
2259,2259,8,8
2260,2260,7,7
2261,2261,12,6
2262,2262,9,9
2263,2263,2,2
2264,2264,1,6
2265,2265,12,12
2266,2266,4,4
2267,2267,14,14
2268,2268,8,8
2269,2269,10,10
2270,2270,5,5
2271,2271,16,16
2272,2272,22,17
2273,2273,8,8
2274,2274,7,7
2275,2275,15,15
2276,2276,10,10
2277,2277,7,7
2278,2278,9,9
2279,2279,20,20
2280,2280,16,7
2281,2281,8,2
2282,2282,17,17
2283,2283,5,18
2284,2284,4,4
2285,2285,9,9
2286,2286,2,9
2287,2287,19,17
2288,2288,3,1
2289,2289,2,2
2290,2290,11,11
2291,2291,16,11
2292,2292,8,17
2293,2293,19,17
2294,2294,22,22
2295,2295,11,9
2296,2296,16,16
2297,2297,3,7
2298,2298,10,10
2299,2299,21,19
2300,2300,21,10
2301,2301,7,7
2302,2302,5,14
2303,2303,12,21
2304,2304,9,9
2305,2305,13,13
2306,2306,16,16
2307,2307,10,11
2308,2308,3,22
2309,2309,20,19
2310,2310,2,2
2311,2311,22,22
2312,2312,14,14
2313,2313,4,10
2314,2314,18,18
2315,2315,17,7
2316,2316,6,11
2317,2317,9,9
2318,2318,13,11
2319,2319,10,10
2320,2320,3,16
2321,2321,21,4
2322,2322,7,18
2323,2323,11,11
2324,2324,2,2
2325,2325,18,18
2326,2326,22,13
2327,2327,17,18
2328,2328,19,21
2329,2329,5,5
2330,2330,18,17
2331,2331,4,4
2332,2332,19,3
2333,2333,6,6
2334,2334,1,1
2335,2335,22,22
2336,2336,16,16
2337,2337,19,3
2338,2338,10,4
2339,2339,3,3
2340,2340,4,10
2341,2341,17,17
2342,2342,18,5
2343,2343,7,1
2344,2344,2,9
2345,2345,19,19
2346,2346,4,13
2347,2347,14,15
2348,2348,6,6
2349,2349,22,3
2350,2350,21,21
2351,2351,2,2
2352,2352,14,14
2353,2353,21,12
2354,2354,14,14
2355,2355,9,6
2356,2356,3,13
2357,2357,7,7
2358,2358,14,14
2359,2359,17,17
2360,2360,13,13
2361,2361,13,19
2362,2362,6,6
2363,2363,7,7
2364,2364,2,2
2365,2365,16,10
2366,2366,11,11
2367,2367,12,12
2368,2368,3,3
2369,2369,22,11
2370,2370,8,21
2371,2371,9,9
2372,2372,13,1
2373,2373,13,22
2374,2374,18,19
2375,2375,22,3
2376,2376,1,10
2377,2377,11,11
2378,2378,17,17
2379,2379,7,7
2380,2380,22,13
2381,2381,14,14
2382,2382,8,8
2383,2383,14,18
2384,2384,22,16
2385,2385,13,4
2386,2386,9,2
2387,2387,1,1
2388,2388,10,10
2389,2389,5,5
2390,2390,13,12
2391,2391,7,19
2392,2392,21,21
2393,2393,2,2
2394,2394,21,21
2395,2395,22,22
2396,2396,18,1
2397,2397,6,13
2398,2398,17,17
2399,2399,15,15
2400,2400,13,11
2401,2401,12,13
2402,2402,2,2
2403,2403,3,10
2404,2404,19,1
2405,2405,3,21
2406,2406,15,15
2407,2407,13,4
2408,2408,18,8
2409,2409,20,21
2410,2410,7,7
2411,2411,10,4
2412,2412,19,19
2413,2413,8,20
2414,2414,14,14
2415,2415,12,6
2416,2416,14,14
2417,2417,12,12
2418,2418,17,17
2419,2419,19,12
2420,2420,17,8
2421,2421,7,7
2422,2422,14,14
2423,2423,17,17
2424,2424,20,6
2425,2425,5,5
2426,2426,5,5
2427,2427,11,6
2428,2428,8,8
2429,2429,21,10
2430,2430,7,7
2431,2431,11,10
2432,2432,17,17
2433,2433,21,14
2434,2434,2,2
2435,2435,3,1
2436,2436,6,11
2437,2437,17,19
2438,2438,11,13
2439,2439,2,2
2440,2440,10,10
2441,2441,7,18
2442,2442,4,4
2443,2443,1,1
2444,2444,8,8
2445,2445,3,3
2446,2446,20,22
2447,2447,17,17
2448,2448,10,10
2449,2449,18,18
2450,2450,2,7
2451,2451,9,6
2452,2452,15,5
2453,2453,5,5
2454,2454,19,1
2455,2455,22,10
2456,2456,15,14
2457,2457,8,8
2458,2458,1,16
2459,2459,21,9
2460,2460,9,9
2461,2461,16,16
2462,2462,13,11
2463,2463,19,19
2464,2464,8,2
2465,2465,9,9
2466,2466,16,16
2467,2467,13,13
2468,2468,9,2
2469,2469,22,4
2470,2470,3,3
2471,2471,21,21
2472,2472,10,4
2473,2473,3,3
2474,2474,2,2
2475,2475,15,14
2476,2476,17,18
2477,2477,7,7
2478,2478,10,13
2479,2479,7,7
2480,2480,8,8
2481,2481,21,21
2482,2482,8,8
2483,2483,10,10
2484,2484,2,9
2485,2485,19,22
2486,2486,21,21
2487,2487,5,17
2488,2488,15,15
2489,2489,17,17
2490,2490,9,2
2491,2491,8,8
2492,2492,22,21
2493,2493,5,5
2494,2494,21,14
2495,2495,12,10
2496,2496,12,12
2497,2497,7,5
2498,2498,4,4
2499,2499,21,21
2500,2500,22,19
